{
  "auroc_Enlarged Cardiomediastinum": 0.5999136380295059,
  "ap_Enlarged Cardiomediastinum": 0.1377841579084443,
  "auroc_Cardiomegaly": 0.7157536652247157,
  "ap_Cardiomegaly": 0.3298100817265668,
  "auroc_Lung Opacity": 0.5936209204730524,
  "ap_Lung Opacity": 0.5888151753306499,
  "auroc_Lung Lesion": 0.7180541166518103,
  "ap_Lung Lesion": 0.10647944816358793,
  "auroc_Edema": 0.760851399509195,
  "ap_Edema": 0.5626253680957808,
  "auroc_Consolidation": 0.6398685614665731,
  "ap_Consolidation": 0.2734795794158861,
  "auroc_Pneumonia": 0.6839247114411455,
  "ap_Pneumonia": 0.20347581432974676,
  "auroc_Atelectasis": 0.6005894614697604,
  "ap_Atelectasis": 0.3793882800427814,
  "auroc_Pneumothorax": 0.7129678627452973,
  "ap_Pneumothorax": 0.26896148840547013,
  "auroc_Pleural Effusion": 0.7678215533845725,
  "ap_Pleural Effusion": 0.7087046234555179,
  "auroc_Pleural Other": 0.7386633549852882,
  "ap_Pleural Other": 0.09081762352904772,
  "auroc_Fracture": 0.6939891523396265,
  "ap_Fracture": 0.08909254581143033,
  "mean_auroc": 0.6855015331433787,
  "mean_ap": 0.3116195155179092
}